"","C1 - SD23","C10 - SD25","C10 - SD35","C11 - SD13","C14 - SD17","C14 - SD22","C14 - SD25","C14 - SD5","C15 - SD14","C15 - SD16","C15 - SD35","C15 - SD6","C17 - SD24","C17 - SD26","C17 - SD8","C18 - SD16","C18 - SD40","C2 - SD42","C2 - SD7","C21 - SD1","C21 - SD21","C21 - SD40","C22 - SD18","C22 - SD31","C23 - SD16","C23 - SD24","C23 - SD3","C23 - SD32","C24 - SD18","C24 - SD4","C25 - SD38","C25 - SD6","C25 - SD9","C27 - SD3","C27 - SD35","C27 - SD41","C27 - SD8","C28 - SD1","C28 - SD15","C28 - SD38","C29 - SD12","C29 - SD19","C3 - SD39","C3 - SD5","C3 - SD7","C30 - SD17","C30 - SD22","C31 - SD15","C31 - SD3","C31 - SD41","C31 - SD6","C32 - SD13","C32 - SD17","C32 - SD26","C32 - SD39","C33 - SD1","C33 - SD23","C33 - SD32","C33 - SD38","C34 - SD21","C35 - SD16","C36 - SD32","C37 - SD31","C4 - SD12","C4 - SD26","C4 - SD36","C5 - SD34","C6 - SD41","C7 - SD42","C8 - SD11","C9 - SD25"
"C1 - SD23",7,1,4,3,3,3,2,2,2,4,2,4,3,5,4,4,4,4,1,1,0,6,3,4,1,3,3,4,3,1,0,2,4,1,1,2,2,3,1,2,2,3,2,1,1,1,3,4,3,3,1,3,3,3,2,3,5,1,5,4,2,5,6,3,2,2,2,2,6,1,1
"C10 - SD25",0.143,1,1,1,1,1,1,1,1,1,1,1,1,1,1,1,1,1,0,1,0,1,1,1,1,1,1,1,1,1,0,1,1,1,1,1,1,1,0,1,1,1,1,1,1,1,1,1,1,1,1,1,1,1,1,1,1,1,1,1,1,1,1,1,1,1,1,1,1,1,1
"C10 - SD35",0.5,0.2,5,3,2,2,2,1,1,5,1,3,3,3,3,2,4,2,2,1,1,4,1,2,1,4,3,4,3,2,1,1,3,1,1,3,2,4,0,1,1,1,1,1,1,1,3,4,2,1,1,2,2,3,1,1,4,1,2,3,3,3,4,4,1,1,2,1,5,1,2
"C11 - SD13",0.273,0.143,0.333,7,3,2,1,2,1,5,3,5,2,3,5,2,5,2,1,1,1,3,2,3,2,5,2,3,5,2,3,1,3,1,1,2,2,3,1,1,1,3,1,1,1,1,3,4,1,2,1,2,3,5,2,2,3,1,2,2,3,4,5,3,1,2,1,1,5,1,2
"C14 - SD17",0.375,0.25,0.286,0.375,4,3,2,2,1,3,3,3,2,4,4,3,3,3,1,1,0,3,2,2,2,2,2,3,4,1,1,1,1,1,1,2,2,3,1,1,1,3,1,1,1,1,3,3,2,2,1,1,2,3,2,2,3,1,3,1,2,3,3,2,1,2,2,1,4,1,1
"C14 - SD22",0.333,0.2,0.25,0.2,0.5,5,3,2,2,4,2,3,2,4,4,3,5,3,1,2,1,2,2,3,3,2,4,5,3,1,1,2,3,1,2,2,2,4,0,2,2,2,2,1,1,1,4,5,3,1,1,2,2,2,1,2,2,1,4,2,2,3,3,2,2,1,2,3,4,1,1
"C14 - SD25",0.25,0.333,0.333,0.111,0.4,0.6,3,2,1,3,1,1,2,3,2,2,3,2,1,2,1,2,1,1,2,1,3,3,2,1,0,1,2,1,2,2,2,3,0,1,1,1,1,1,1,1,2,3,2,1,1,1,1,1,1,1,2,1,3,1,2,1,1,2,1,1,2,2,2,1,1
"C14 - SD5",0.25,0.333,0.143,0.25,0.4,0.333,0.5,3,1,2,2,2,1,3,2,2,2,2,0,2,1,2,2,1,2,1,2,2,2,1,0,1,2,1,2,1,1,2,1,1,1,2,1,1,1,1,1,2,1,2,1,1,2,2,2,2,2,1,3,1,1,2,2,1,1,2,1,2,2,1,1
"C15 - SD14",0.286,0.5,0.167,0.125,0.2,0.4,0.25,0.25,2,1,1,2,1,1,2,2,2,2,0,1,0,1,2,2,1,1,2,2,1,1,0,2,2,1,1,1,1,1,0,2,2,1,2,1,1,1,2,2,2,1,1,2,2,1,1,2,1,1,2,2,1,2,2,1,2,1,1,2,2,1,1
"C15 - SD16",0.364,0.125,0.625,0.5,0.333,0.444,0.375,0.222,0.111,8,2,4,3,5,4,2,7,2,2,2,2,4,1,3,3,6,4,6,4,2,3,1,4,1,2,3,2,6,0,1,1,2,1,1,1,1,4,6,2,1,1,2,2,5,1,1,4,1,3,3,3,4,5,4,1,1,2,2,6,1,2
"C15 - SD35",0.25,0.333,0.143,0.429,0.75,0.333,0.2,0.5,0.25,0.222,3,3,1,3,3,2,2,2,0,1,0,2,2,2,2,2,1,2,3,1,1,1,1,1,1,1,1,2,1,1,1,3,1,1,1,1,2,2,1,2,1,1,2,3,2,2,2,1,2,1,1,3,3,1,1,2,1,1,3,1,1
"C15 - SD6",0.364,0.125,0.3,0.5,0.333,0.3,0.1,0.222,0.25,0.333,0.375,8,2,4,7,3,4,3,2,1,1,4,3,3,2,4,3,5,5,2,2,2,3,1,1,3,2,5,1,2,2,3,2,1,1,1,5,4,3,2,1,2,4,6,2,3,3,1,3,5,3,7,6,2,2,3,1,3,6,1,2
"C17 - SD24",0.375,0.25,0.5,0.222,0.333,0.286,0.4,0.167,0.2,0.333,0.167,0.2,4,3,3,2,3,2,2,1,1,3,1,2,1,2,3,3,3,2,1,1,3,1,1,3,2,3,0,1,1,2,1,1,1,1,3,3,2,2,1,1,2,2,1,1,2,1,3,3,3,3,3,3,1,1,2,1,3,1,2
"C17 - SD26",0.455,0.111,0.273,0.231,0.444,0.4,0.333,0.333,0.1,0.417,0.333,0.308,0.3,9,4,3,4,3,1,2,1,5,2,3,3,3,3,6,4,1,1,1,3,1,2,2,2,6,1,1,1,4,1,1,1,1,3,5,3,3,1,1,2,4,2,2,4,1,5,4,2,6,5,2,1,2,2,2,5,1,1
"C17 - SD8",0.364,0.125,0.3,0.5,0.5,0.444,0.222,0.222,0.25,0.333,0.375,0.778,0.333,0.308,8,4,5,4,3,1,1,4,3,3,2,3,4,5,6,2,2,2,3,1,1,4,3,5,1,2,2,3,2,1,1,1,6,5,4,2,1,2,4,5,2,3,3,1,4,4,4,6,5,3,2,3,2,3,6,1,2
"C18 - SD16",0.571,0.25,0.286,0.222,0.6,0.5,0.4,0.4,0.5,0.2,0.4,0.333,0.333,0.3,0.5,4,3,4,1,1,0,3,3,2,1,1,3,3,3,1,0,2,2,1,1,2,2,2,1,2,2,2,2,1,1,1,3,3,3,2,1,2,3,2,2,3,3,1,4,2,2,3,3,2,2,2,2,2,4,1,1
"C18 - SD40",0.364,0.125,0.444,0.5,0.333,0.625,0.375,0.222,0.25,0.778,0.222,0.333,0.333,0.308,0.455,0.333,8,3,2,2,2,3,2,4,3,5,5,6,4,2,3,2,5,1,2,3,2,5,0,2,2,2,2,1,1,1,5,7,3,1,1,3,3,4,1,2,3,1,4,3,3,4,5,4,2,1,2,3,6,1,2
"C2 - SD42",0.571,0.25,0.286,0.222,0.6,0.5,0.4,0.4,0.5,0.2,0.4,0.333,0.333,0.3,0.5,1,0.333,4,1,1,0,3,3,2,1,1,3,3,3,1,0,2,2,1,1,2,2,2,1,2,2,2,2,1,1,1,3,3,3,2,1,2,3,2,2,3,3,1,4,2,2,3,3,2,2,2,2,2,4,1,1
"C2 - SD7",0.1,0,0.286,0.1,0.143,0.125,0.167,0,0,0.2,0,0.2,0.333,0.083,0.333,0.143,0.2,0.143,4,0,1,2,0,0,0,1,2,2,2,1,1,0,1,0,0,3,1,4,0,0,0,0,0,0,0,0,3,2,2,0,0,0,1,2,0,0,1,0,1,2,2,2,2,2,0,1,1,1,2,0,1
"C21 - SD1",0.125,0.5,0.167,0.125,0.2,0.4,0.667,0.667,0.333,0.25,0.25,0.111,0.2,0.222,0.111,0.2,0.25,0.2,0,2,1,1,1,1,2,1,2,2,1,1,0,1,2,1,2,1,1,2,0,1,1,1,1,1,1,1,1,2,1,1,1,1,1,1,1,1,1,1,2,1,1,1,1,1,1,1,1,2,1,1,1
"C21 - SD21",0,0,0.167,0.125,0,0.167,0.25,0.25,0,0.25,0,0.111,0.2,0.1,0.111,0,0.25,0,0.2,0.333,2,0,0,0,1,1,2,2,1,1,1,0,2,0,1,1,0,2,0,0,0,0,0,0,0,0,1,2,0,0,0,0,1,1,0,0,0,0,1,1,1,1,1,1,0,0,0,1,1,0,1
"C21 - SD40",0.75,0.143,0.5,0.273,0.375,0.2,0.25,0.25,0.125,0.364,0.25,0.364,0.375,0.455,0.364,0.375,0.25,0.375,0.222,0.125,0,7,2,3,1,3,2,3,3,1,0,1,3,1,1,3,2,4,1,1,1,3,1,1,1,1,3,3,3,3,1,2,2,4,2,2,5,1,4,4,2,5,5,3,1,3,2,2,5,1,1
"C22 - SD18",0.429,0.333,0.143,0.25,0.4,0.333,0.2,0.5,0.667,0.1,0.5,0.375,0.167,0.2,0.375,0.75,0.222,0.75,0,0.25,0,0.25,3,2,1,1,2,2,2,1,0,2,2,1,1,1,1,1,1,2,2,2,2,1,1,1,2,2,2,2,1,2,3,2,2,3,2,1,3,2,1,3,3,1,2,2,1,2,3,1,1
"C22 - SD31",0.444,0.167,0.222,0.3,0.25,0.375,0.125,0.125,0.333,0.273,0.286,0.273,0.25,0.25,0.273,0.25,0.4,0.25,0,0.143,0,0.3,0.286,6,2,3,2,3,2,1,1,2,4,1,1,1,1,2,0,2,2,3,2,1,1,1,3,4,2,2,1,3,2,2,1,2,2,1,3,3,1,4,5,2,2,1,1,2,4,1,1
"C23 - SD16",0.111,0.333,0.143,0.25,0.4,0.6,0.5,0.5,0.25,0.375,0.5,0.222,0.167,0.333,0.222,0.167,0.375,0.167,0,0.667,0.25,0.111,0.2,0.286,3,2,2,3,2,1,1,1,2,1,2,1,1,3,0,1,1,2,1,1,1,1,2,3,1,1,1,1,1,2,1,1,1,1,2,1,1,2,2,1,1,1,1,2,2,1,1
"C23 - SD24",0.3,0.167,0.571,0.625,0.25,0.222,0.125,0.125,0.143,0.75,0.286,0.4,0.25,0.25,0.273,0.111,0.556,0.111,0.111,0.143,0.143,0.3,0.125,0.333,0.286,6,2,4,3,2,3,1,3,1,1,2,1,4,0,1,1,2,1,1,1,1,3,4,1,1,1,2,2,5,1,1,3,1,1,3,2,4,5,3,1,1,1,1,5,1,2
"C23 - SD3",0.333,0.2,0.429,0.2,0.286,0.667,0.6,0.333,0.4,0.444,0.143,0.3,0.5,0.273,0.444,0.5,0.625,0.5,0.286,0.4,0.4,0.2,0.333,0.222,0.333,0.222,5,5,3,2,1,2,4,1,2,3,2,4,0,2,2,1,2,1,1,1,4,5,3,1,1,2,3,2,1,2,2,1,4,3,3,3,3,3,2,1,2,3,4,1,2
"C23 - SD32",0.364,0.125,0.444,0.25,0.333,0.625,0.375,0.222,0.25,0.6,0.222,0.455,0.333,0.545,0.455,0.333,0.6,0.333,0.2,0.25,0.25,0.25,0.222,0.273,0.375,0.4,0.625,8,4,2,2,2,4,1,2,3,2,6,0,2,2,2,2,1,1,1,5,6,4,1,1,2,3,4,1,2,3,1,4,4,3,5,5,3,2,1,2,3,6,1,2
"C24 - SD18",0.3,0.167,0.375,0.625,0.667,0.375,0.286,0.286,0.143,0.4,0.5,0.556,0.429,0.364,0.75,0.429,0.4,0.429,0.25,0.143,0.143,0.3,0.286,0.2,0.286,0.333,0.375,0.4,6,2,2,1,2,1,1,3,3,4,1,1,1,3,1,1,1,1,4,4,2,2,1,1,3,4,2,2,3,1,3,2,4,4,4,3,1,2,2,1,5,1,2
"C24 - SD4",0.125,0.5,0.4,0.286,0.2,0.167,0.25,0.25,0.333,0.25,0.25,0.25,0.5,0.1,0.25,0.2,0.25,0.2,0.2,0.333,0.333,0.125,0.25,0.143,0.25,0.333,0.4,0.25,0.333,2,1,1,2,1,1,2,1,2,0,1,1,1,1,1,1,1,2,2,1,1,1,1,2,2,1,1,1,1,1,2,2,2,2,2,1,1,1,1,2,1,2
"C25 - SD38",0,0,0.143,0.429,0.167,0.143,0,0,0,0.375,0.2,0.222,0.167,0.091,0.222,0,0.375,0,0.167,0,0.25,0,0,0.125,0.2,0.5,0.143,0.222,0.286,0.25,3,0,1,0,0,1,0,2,0,0,0,1,0,0,0,0,2,2,0,0,0,0,1,3,0,0,0,0,0,1,1,2,2,1,0,0,0,0,2,0,1
"C25 - SD6",0.286,0.5,0.167,0.125,0.2,0.4,0.25,0.25,1,0.111,0.25,0.25,0.2,0.1,0.25,0.5,0.25,0.5,0,0.333,0,0.125,0.667,0.333,0.25,0.143,0.4,0.25,0.143,0.333,0,2,2,1,1,1,1,1,0,2,2,1,2,1,1,1,2,2,2,1,1,2,2,1,1,2,1,1,2,2,1,2,2,1,2,1,1,2,2,1,1
"C25 - SD9",0.444,0.167,0.375,0.3,0.111,0.375,0.286,0.286,0.333,0.4,0.125,0.273,0.429,0.25,0.273,0.25,0.556,0.25,0.111,0.333,0.333,0.3,0.286,0.5,0.286,0.333,0.571,0.4,0.2,0.333,0.125,0.333,6,1,2,2,1,3,0,2,2,2,2,1,1,1,3,5,2,2,1,3,3,2,1,2,2,1,4,4,2,4,5,3,2,1,1,3,4,1,2
"C27 - SD3",0.143,1,0.2,0.143,0.25,0.2,0.333,0.333,0.5,0.125,0.333,0.125,0.25,0.111,0.125,0.25,0.125,0.25,0,0.5,0,0.143,0.333,0.167,0.333,0.167,0.2,0.125,0.167,0.5,0,0.5,0.167,1,1,1,1,1,0,1,1,1,1,1,1,1,1,1,1,1,1,1,1,1,1,1,1,1,1,1,1,1,1,1,1,1,1,1,1,1,1
"C27 - SD35",0.125,0.5,0.167,0.125,0.2,0.4,0.667,0.667,0.333,0.25,0.25,0.111,0.2,0.222,0.111,0.2,0.25,0.2,0,1,0.333,0.125,0.25,0.143,0.667,0.143,0.4,0.25,0.143,0.333,0,0.333,0.333,0.5,2,1,1,2,0,1,1,1,1,1,1,1,1,2,1,1,1,1,1,1,1,1,1,1,2,1,1,1,1,1,1,1,1,2,1,1,1
"C27 - SD41",0.222,0.25,0.5,0.222,0.333,0.286,0.4,0.167,0.2,0.333,0.167,0.333,0.6,0.182,0.5,0.333,0.333,0.333,0.6,0.2,0.2,0.375,0.167,0.111,0.167,0.25,0.5,0.333,0.429,0.5,0.167,0.2,0.25,0.25,0.2,4,2,4,0,1,1,1,1,1,1,1,4,3,3,1,1,1,2,3,1,1,2,1,2,3,3,3,2,3,1,2,2,2,3,1,2
"C27 - SD8",0.25,0.333,0.333,0.25,0.4,0.333,0.5,0.2,0.25,0.222,0.2,0.222,0.4,0.2,0.375,0.4,0.222,0.4,0.167,0.25,0,0.25,0.2,0.125,0.2,0.125,0.333,0.222,0.5,0.25,0,0.25,0.125,0.333,0.25,0.4,3,2,0,1,1,1,1,1,1,1,2,2,2,1,1,1,1,1,1,1,2,1,2,1,3,1,1,2,1,1,2,1,2,1,1
"C28 - SD1",0.231,0.111,0.4,0.231,0.3,0.4,0.333,0.2,0.1,0.545,0.2,0.417,0.3,0.5,0.417,0.182,0.417,0.182,0.444,0.222,0.222,0.333,0.091,0.154,0.333,0.364,0.4,0.545,0.364,0.222,0.2,0.1,0.25,0.111,0.222,0.444,0.2,9,0,1,1,2,1,1,1,1,5,6,3,1,1,1,2,5,1,1,3,1,3,5,3,6,5,3,1,2,2,3,5,1,2
"C28 - SD15",0.143,0,0,0.143,0.25,0,0,0.333,0,0,0.333,0.125,0,0.111,0.125,0.25,0,0.25,0,0,0,0.143,0.333,0,0,0,0,0,0.167,0,0,0,0,0,0,0,0,0,1,0,0,1,0,0,0,0,0,0,0,1,0,0,1,1,1,1,1,0,1,0,0,1,1,0,0,1,0,0,1,0,0
"C28 - SD38",0.286,0.5,0.167,0.125,0.2,0.4,0.25,0.25,1,0.111,0.25,0.25,0.2,0.1,0.25,0.5,0.25,0.5,0,0.333,0,0.125,0.667,0.333,0.25,0.143,0.4,0.25,0.143,0.333,0,1,0.333,0.5,0.333,0.2,0.25,0.1,0,2,2,1,2,1,1,1,2,2,2,1,1,2,2,1,1,2,1,1,2,2,1,2,2,1,2,1,1,2,2,1,1
"C29 - SD12",0.286,0.5,0.167,0.125,0.2,0.4,0.25,0.25,1,0.111,0.25,0.25,0.2,0.1,0.25,0.5,0.25,0.5,0,0.333,0,0.125,0.667,0.333,0.25,0.143,0.4,0.25,0.143,0.333,0,1,0.333,0.5,0.333,0.2,0.25,0.1,0,1,2,1,2,1,1,1,2,2,2,1,1,2,2,1,1,2,1,1,2,2,1,2,2,1,2,1,1,2,2,1,1
"C29 - SD19",0.375,0.25,0.125,0.375,0.6,0.286,0.167,0.4,0.2,0.2,0.75,0.333,0.333,0.444,0.333,0.333,0.2,0.333,0,0.2,0,0.375,0.4,0.429,0.4,0.25,0.125,0.2,0.429,0.2,0.167,0.2,0.25,0.25,0.2,0.143,0.167,0.182,0.25,0.2,0.2,4,1,1,1,1,2,2,1,3,1,1,2,3,2,2,2,1,3,2,1,4,4,1,1,2,1,1,3,1,1
"C3 - SD39",0.286,0.5,0.167,0.125,0.2,0.4,0.25,0.25,1,0.111,0.25,0.25,0.2,0.1,0.25,0.5,0.25,0.5,0,0.333,0,0.125,0.667,0.333,0.25,0.143,0.4,0.25,0.143,0.333,0,1,0.333,0.5,0.333,0.2,0.25,0.1,0,1,1,0.2,2,1,1,1,2,2,2,1,1,2,2,1,1,2,1,1,2,2,1,2,2,1,2,1,1,2,2,1,1
"C3 - SD5",0.143,1,0.2,0.143,0.25,0.2,0.333,0.333,0.5,0.125,0.333,0.125,0.25,0.111,0.125,0.25,0.125,0.25,0,0.5,0,0.143,0.333,0.167,0.333,0.167,0.2,0.125,0.167,0.5,0,0.5,0.167,1,0.5,0.25,0.333,0.111,0,0.5,0.5,0.25,0.5,1,1,1,1,1,1,1,1,1,1,1,1,1,1,1,1,1,1,1,1,1,1,1,1,1,1,1,1
"C3 - SD7",0.143,1,0.2,0.143,0.25,0.2,0.333,0.333,0.5,0.125,0.333,0.125,0.25,0.111,0.125,0.25,0.125,0.25,0,0.5,0,0.143,0.333,0.167,0.333,0.167,0.2,0.125,0.167,0.5,0,0.5,0.167,1,0.5,0.25,0.333,0.111,0,0.5,0.5,0.25,0.5,1,1,1,1,1,1,1,1,1,1,1,1,1,1,1,1,1,1,1,1,1,1,1,1,1,1,1,1
"C30 - SD17",0.143,1,0.2,0.143,0.25,0.2,0.333,0.333,0.5,0.125,0.333,0.125,0.25,0.111,0.125,0.25,0.125,0.25,0,0.5,0,0.143,0.333,0.167,0.333,0.167,0.2,0.125,0.167,0.5,0,0.5,0.167,1,0.5,0.25,0.333,0.111,0,0.5,0.5,0.25,0.5,1,1,1,1,1,1,1,1,1,1,1,1,1,1,1,1,1,1,1,1,1,1,1,1,1,1,1,1
"C30 - SD22",0.3,0.167,0.375,0.3,0.429,0.571,0.286,0.125,0.333,0.4,0.286,0.556,0.429,0.25,0.75,0.429,0.556,0.429,0.429,0.143,0.143,0.3,0.286,0.333,0.286,0.333,0.571,0.556,0.5,0.333,0.286,0.333,0.333,0.167,0.143,0.667,0.286,0.5,0,0.333,0.333,0.25,0.333,0.167,0.167,0.167,6,5,4,1,1,2,3,4,1,2,2,1,3,4,3,5,4,3,2,2,2,3,5,1,2
"C31 - SD15",0.364,0.125,0.444,0.364,0.333,0.625,0.375,0.222,0.25,0.6,0.222,0.333,0.333,0.417,0.455,0.333,0.778,0.333,0.2,0.25,0.25,0.25,0.222,0.4,0.375,0.4,0.625,0.6,0.4,0.25,0.222,0.25,0.556,0.125,0.25,0.333,0.222,0.545,0,0.25,0.25,0.2,0.25,0.125,0.125,0.125,0.556,8,3,1,1,3,3,3,1,2,3,1,4,4,3,5,5,4,2,1,2,3,6,1,2
"C31 - SD3",0.333,0.2,0.25,0.091,0.286,0.429,0.333,0.143,0.4,0.182,0.143,0.3,0.286,0.273,0.444,0.5,0.3,0.5,0.286,0.167,0,0.333,0.333,0.222,0.143,0.1,0.429,0.444,0.222,0.167,0,0.4,0.222,0.2,0.167,0.5,0.333,0.273,0,0.4,0.4,0.125,0.4,0.2,0.2,0.2,0.571,0.3,5,1,1,2,2,2,1,2,2,1,3,3,2,3,2,2,2,2,2,3,3,1,1
"C31 - SD41",0.429,0.333,0.143,0.25,0.4,0.143,0.2,0.5,0.25,0.1,0.5,0.222,0.4,0.333,0.222,0.4,0.1,0.4,0,0.25,0,0.429,0.5,0.286,0.2,0.125,0.143,0.1,0.286,0.25,0,0.25,0.286,0.333,0.25,0.167,0.2,0.091,0.333,0.25,0.25,0.75,0.25,0.333,0.333,0.333,0.125,0.1,0.143,3,1,1,2,2,2,2,2,1,3,2,1,3,3,1,1,2,1,1,2,1,1
"C31 - SD6",0.143,1,0.2,0.143,0.25,0.2,0.333,0.333,0.5,0.125,0.333,0.125,0.25,0.111,0.125,0.25,0.125,0.25,0,0.5,0,0.143,0.333,0.167,0.333,0.167,0.2,0.125,0.167,0.5,0,0.5,0.167,1,0.5,0.25,0.333,0.111,0,0.5,0.5,0.25,0.5,1,1,1,0.167,0.125,0.2,0.333,1,1,1,1,1,1,1,1,1,1,1,1,1,1,1,1,1,1,1,1,1
"C32 - SD13",0.429,0.333,0.333,0.25,0.167,0.333,0.2,0.2,0.667,0.222,0.2,0.222,0.167,0.091,0.222,0.4,0.375,0.4,0,0.25,0,0.25,0.5,0.5,0.2,0.286,0.333,0.222,0.125,0.25,0,0.667,0.5,0.333,0.25,0.167,0.2,0.091,0,0.667,0.667,0.167,0.667,0.333,0.333,0.333,0.286,0.375,0.333,0.2,0.333,3,2,1,1,2,2,1,2,2,1,2,3,2,2,1,1,2,3,1,1
"C32 - SD17",0.375,0.25,0.286,0.375,0.333,0.286,0.167,0.4,0.5,0.2,0.4,0.5,0.333,0.182,0.5,0.6,0.333,0.6,0.143,0.2,0.2,0.222,0.75,0.25,0.167,0.25,0.5,0.333,0.429,0.5,0.167,0.5,0.429,0.25,0.2,0.333,0.167,0.182,0.25,0.5,0.5,0.333,0.5,0.25,0.25,0.25,0.429,0.333,0.286,0.4,0.25,0.4,4,3,2,3,2,1,3,3,2,4,4,2,2,2,1,2,4,1,2
"C32 - SD26",0.273,0.143,0.333,0.556,0.375,0.2,0.111,0.25,0.125,0.5,0.429,0.667,0.222,0.333,0.5,0.222,0.364,0.222,0.222,0.125,0.125,0.4,0.25,0.182,0.25,0.625,0.2,0.364,0.444,0.286,0.429,0.125,0.182,0.143,0.125,0.375,0.111,0.455,0.143,0.125,0.125,0.375,0.125,0.143,0.143,0.143,0.444,0.25,0.2,0.25,0.143,0.111,0.375,7,2,2,3,1,2,4,2,6,5,2,1,3,1,2,5,1,2
"C32 - SD39",0.286,0.5,0.167,0.286,0.5,0.167,0.25,0.667,0.333,0.111,0.667,0.25,0.2,0.222,0.25,0.5,0.111,0.5,0,0.333,0,0.286,0.667,0.143,0.25,0.143,0.167,0.111,0.333,0.333,0,0.333,0.143,0.5,0.333,0.2,0.25,0.1,0.5,0.333,0.333,0.5,0.333,0.5,0.5,0.5,0.143,0.111,0.167,0.667,0.5,0.25,0.5,0.286,2,2,2,1,2,1,1,2,2,1,1,2,1,1,2,1,1
"C33 - SD1",0.429,0.333,0.143,0.25,0.4,0.333,0.2,0.5,0.667,0.1,0.5,0.375,0.167,0.2,0.375,0.75,0.222,0.75,0,0.25,0,0.25,1,0.286,0.2,0.125,0.333,0.222,0.286,0.25,0,0.667,0.286,0.333,0.25,0.167,0.2,0.091,0.333,0.667,0.667,0.4,0.667,0.333,0.333,0.333,0.286,0.222,0.333,0.5,0.333,0.5,0.75,0.25,0.667,3,2,1,3,2,1,3,3,1,2,2,1,2,3,1,1
"C33 - SD23",0.714,0.2,0.667,0.333,0.5,0.25,0.333,0.333,0.167,0.444,0.333,0.3,0.286,0.4,0.3,0.5,0.3,0.5,0.125,0.167,0,0.714,0.333,0.222,0.143,0.375,0.25,0.3,0.375,0.167,0,0.167,0.222,0.2,0.167,0.286,0.333,0.273,0.2,0.167,0.167,0.286,0.167,0.2,0.2,0.2,0.222,0.3,0.25,0.333,0.2,0.333,0.286,0.333,0.4,0.333,5,1,3,2,2,3,4,3,1,2,2,1,5,1,1
"C33 - SD32",0.143,1,0.2,0.143,0.25,0.2,0.333,0.333,0.5,0.125,0.333,0.125,0.25,0.111,0.125,0.25,0.125,0.25,0,0.5,0,0.143,0.333,0.167,0.333,0.167,0.2,0.125,0.167,0.5,0,0.5,0.167,1,0.5,0.25,0.333,0.111,0,0.5,0.5,0.25,0.5,1,1,1,0.167,0.125,0.2,0.333,1,0.333,0.25,0.143,0.5,0.333,0.2,1,1,1,1,1,1,1,1,1,1,1,1,1,1
"C33 - SD38",0.556,0.143,0.2,0.167,0.375,0.5,0.429,0.429,0.286,0.25,0.25,0.25,0.375,0.455,0.364,0.571,0.364,0.571,0.1,0.286,0.125,0.4,0.429,0.3,0.25,0.083,0.5,0.364,0.3,0.125,0,0.286,0.444,0.143,0.286,0.222,0.25,0.231,0.143,0.286,0.286,0.375,0.286,0.143,0.143,0.143,0.3,0.364,0.333,0.429,0.143,0.25,0.375,0.167,0.286,0.429,0.333,0.143,7,3,2,4,4,2,2,2,2,3,4,1,1
"C34 - SD21",0.4,0.143,0.333,0.167,0.1,0.2,0.111,0.111,0.286,0.25,0.111,0.5,0.375,0.333,0.364,0.222,0.25,0.222,0.222,0.125,0.125,0.4,0.25,0.3,0.111,0.3,0.333,0.364,0.182,0.286,0.111,0.286,0.444,0.143,0.125,0.375,0.111,0.455,0,0.286,0.286,0.222,0.286,0.143,0.143,0.143,0.444,0.364,0.333,0.25,0.143,0.25,0.375,0.4,0.125,0.25,0.2,0.143,0.273,7,2,7,5,2,2,2,1,3,4,1,2
"C35 - SD16",0.222,0.25,0.5,0.375,0.333,0.286,0.4,0.167,0.2,0.333,0.167,0.333,0.6,0.182,0.5,0.333,0.333,0.333,0.333,0.2,0.2,0.222,0.167,0.111,0.167,0.25,0.5,0.333,0.667,0.5,0.167,0.2,0.25,0.25,0.2,0.6,0.75,0.3,0,0.2,0.2,0.143,0.2,0.25,0.25,0.25,0.429,0.333,0.286,0.167,0.25,0.167,0.333,0.222,0.2,0.167,0.286,0.25,0.222,0.222,4,2,2,3,1,1,2,1,3,1,2
"C36 - SD32",0.455,0.111,0.273,0.333,0.3,0.273,0.091,0.2,0.222,0.308,0.333,0.7,0.3,0.5,0.545,0.3,0.308,0.3,0.182,0.1,0.1,0.455,0.333,0.364,0.2,0.364,0.273,0.417,0.364,0.222,0.2,0.222,0.364,0.111,0.1,0.3,0.091,0.5,0.111,0.222,0.222,0.444,0.222,0.111,0.111,0.111,0.5,0.417,0.273,0.333,0.111,0.2,0.444,0.6,0.222,0.333,0.273,0.111,0.333,0.778,0.182,9,7,2,2,3,1,3,6,1,2
"C37 - SD31",0.545,0.1,0.364,0.417,0.273,0.25,0.083,0.182,0.2,0.385,0.3,0.5,0.273,0.357,0.385,0.273,0.385,0.273,0.167,0.091,0.091,0.417,0.3,0.455,0.182,0.455,0.25,0.385,0.333,0.2,0.182,0.2,0.455,0.1,0.091,0.167,0.083,0.357,0.1,0.2,0.2,0.4,0.2,0.1,0.1,0.1,0.333,0.385,0.154,0.3,0.1,0.3,0.4,0.417,0.2,0.3,0.364,0.1,0.308,0.417,0.167,0.583,10,3,2,2,1,2,7,1,2
"C4 - SD12",0.375,0.25,0.8,0.375,0.333,0.286,0.4,0.167,0.2,0.5,0.167,0.2,0.6,0.182,0.333,0.333,0.5,0.333,0.333,0.2,0.2,0.375,0.167,0.25,0.167,0.429,0.5,0.333,0.429,0.5,0.167,0.2,0.429,0.25,0.2,0.6,0.4,0.3,0,0.2,0.2,0.143,0.2,0.25,0.25,0.25,0.429,0.5,0.286,0.167,0.25,0.4,0.333,0.222,0.2,0.167,0.5,0.25,0.222,0.222,0.6,0.182,0.273,4,1,1,2,1,4,1,2
"C4 - SD26",0.286,0.5,0.167,0.125,0.2,0.4,0.25,0.25,1,0.111,0.25,0.25,0.2,0.1,0.25,0.5,0.25,0.5,0,0.333,0,0.125,0.667,0.333,0.25,0.143,0.4,0.25,0.143,0.333,0,1,0.333,0.5,0.333,0.2,0.25,0.1,0,1,1,0.2,1,0.5,0.5,0.5,0.333,0.25,0.4,0.25,0.5,0.667,0.5,0.125,0.333,0.667,0.167,0.5,0.286,0.286,0.2,0.222,0.2,0.2,2,1,1,2,2,1,1
"C4 - SD36",0.25,0.333,0.143,0.25,0.4,0.143,0.2,0.5,0.25,0.1,0.5,0.375,0.167,0.2,0.375,0.4,0.1,0.4,0.167,0.25,0,0.429,0.5,0.125,0.2,0.125,0.143,0.1,0.286,0.25,0,0.25,0.125,0.333,0.25,0.4,0.2,0.2,0.333,0.25,0.25,0.4,0.25,0.333,0.333,0.333,0.286,0.1,0.333,0.5,0.333,0.2,0.4,0.429,0.667,0.5,0.333,0.333,0.25,0.25,0.167,0.333,0.182,0.167,0.25,3,1,2,2,1,1
"C5 - SD34",0.286,0.5,0.4,0.125,0.5,0.4,0.667,0.25,0.333,0.25,0.25,0.111,0.5,0.222,0.25,0.5,0.25,0.5,0.2,0.333,0,0.286,0.25,0.143,0.25,0.143,0.4,0.25,0.333,0.333,0,0.333,0.143,0.5,0.333,0.5,0.667,0.222,0,0.333,0.333,0.2,0.333,0.5,0.5,0.5,0.333,0.25,0.4,0.25,0.5,0.25,0.2,0.125,0.333,0.25,0.4,0.5,0.286,0.125,0.5,0.1,0.091,0.5,0.333,0.25,2,1,2,1,1
"C6 - SD41",0.222,0.25,0.125,0.1,0.143,0.5,0.4,0.4,0.5,0.2,0.167,0.333,0.143,0.182,0.333,0.333,0.333,0.333,0.143,0.5,0.2,0.222,0.4,0.25,0.4,0.111,0.5,0.333,0.111,0.2,0,0.5,0.429,0.25,0.5,0.333,0.167,0.3,0,0.5,0.5,0.143,0.5,0.25,0.25,0.25,0.429,0.333,0.5,0.167,0.25,0.4,0.333,0.222,0.2,0.4,0.125,0.25,0.375,0.375,0.143,0.3,0.167,0.143,0.5,0.4,0.2,4,2,1,1
"C7 - SD42",0.667,0.125,0.625,0.5,0.5,0.444,0.222,0.222,0.25,0.6,0.375,0.6,0.333,0.417,0.6,0.5,0.6,0.5,0.2,0.111,0.111,0.5,0.375,0.4,0.222,0.556,0.444,0.6,0.556,0.25,0.222,0.25,0.4,0.125,0.111,0.333,0.222,0.417,0.125,0.25,0.25,0.333,0.25,0.125,0.125,0.125,0.556,0.6,0.3,0.222,0.125,0.375,0.5,0.5,0.25,0.375,0.625,0.125,0.364,0.364,0.333,0.545,0.636,0.5,0.25,0.222,0.25,0.2,8,1,2
"C8 - SD11",0.143,1,0.2,0.143,0.25,0.2,0.333,0.333,0.5,0.125,0.333,0.125,0.25,0.111,0.125,0.25,0.125,0.25,0,0.5,0,0.143,0.333,0.167,0.333,0.167,0.2,0.125,0.167,0.5,0,0.5,0.167,1,0.5,0.25,0.333,0.111,0,0.5,0.5,0.25,0.5,1,1,1,0.167,0.125,0.2,0.333,1,0.333,0.25,0.143,0.5,0.333,0.2,1,0.143,0.143,0.25,0.111,0.1,0.25,0.5,0.333,0.5,0.25,0.125,1,1
"C9 - SD25",0.125,0.5,0.4,0.286,0.2,0.167,0.25,0.25,0.333,0.25,0.25,0.25,0.5,0.1,0.25,0.2,0.25,0.2,0.2,0.333,0.333,0.125,0.25,0.143,0.25,0.333,0.4,0.25,0.333,1,0.25,0.333,0.333,0.5,0.333,0.5,0.25,0.222,0,0.333,0.333,0.2,0.333,0.5,0.5,0.5,0.333,0.25,0.167,0.25,0.5,0.25,0.5,0.286,0.333,0.25,0.167,0.5,0.125,0.286,0.5,0.222,0.2,0.5,0.333,0.25,0.333,0.2,0.25,0.5,2
